product_id,brand,product_name,category,variants_sizes,current_image,external_image_url,source_url,current_display_image_url
4,Whiskas,Whiskas Adult Mackerel Dry Cat Food,cat_food,"[{""variant_id"": 15, ""size"": ""480 g""}, {""variant_id"": 16, ""size"": ""1.2 KG""}]",media/products/product-4-Whiskas_z73wn2,,,https://res.cloudinary.com/thcjbrcq/image/upload/v1/media/products/product-4-Whiskas_z73wn2
5,Whiskas,Whiskas Adult Chicken Dry Cat Food,cat_food,"[{""variant_id"": 17, ""size"": ""480 g""}, {""variant_id"": 18, ""size"": ""1.2 KG""}]",media/products/product-5-Whiskas_t5tnba,,,https://res.cloudinary.com/thcjbrcq/image/upload/v1/media/products/product-5-Whiskas_t5tnba
6,Whiskas,Whiskas Kitten Ocean Fish Dry Cat Food,cat_food,"[{""variant_id"": 19, ""size"": ""450 g""}, {""variant_id"": 20, ""size"": ""1.1 KG""}]",media/products/product-6-Whiskas_lnr5pf,,,https://res.cloudinary.com/thcjbrcq/image/upload/v1/media/products/product-6-Whiskas_lnr5pf
7,Whiskas,Whiskas Tuna in Gravy Adult Wet Cat Food,cat_food,"[{""variant_id"": 21, ""size"": ""85 g""}, {""variant_id"": 22, ""size"": ""1.02 KG""}]",media/products/product-7-Whiskas_ezjpae,,,https://res.cloudinary.com/thcjbrcq/image/upload/v1/media/products/product-7-Whiskas_ezjpae
8,Whiskas,Whiskas Chicken in Gravy Adult Wet Cat Food,cat_food,"[{""variant_id"": 23, ""size"": ""85 g""}, {""variant_id"": 24, ""size"": ""1.02 KG""}]",media/products/product-8-Whiskas_bsnsfp,,,https://res.cloudinary.com/thcjbrcq/image/upload/v1/media/products/product-8-Whiskas_bsnsfp
9,Whiskas,Whiskas Mackerel in Gravy Adult Wet Cat Food,cat_food,"[{""variant_id"": 25, ""size"": ""85 g""}, {""variant_id"": 26, ""size"": ""1.02 KG""}]",media/products/product-9-Whiskas_jkqjf2,,,https://res.cloudinary.com/thcjbrcq/image/upload/v1/media/products/product-9-Whiskas_jkqjf2
10,Whiskas,Whiskas Salmon in Gravy Adult Wet Cat Food,cat_food,"[{""variant_id"": 27, ""size"": ""85 g""}, {""variant_id"": 28, ""size"": ""1.02 KG""}]",media/products/product-10-Whiskas_refyml,,,https://res.cloudinary.com/thcjbrcq/image/upload/v1/media/products/product-10-Whiskas_refyml
11,Whiskas,Whiskas Kitten Tuna in Gravy Wet Cat Food,cat_food,"[{""variant_id"": 29, ""size"": ""85 g""}, {""variant_id"": 30, ""size"": ""1.02 KG""}]",media/products/product-11-Whiskas_inrmqg,,,https://res.cloudinary.com/thcjbrcq/image/upload/v1/media/products/product-11-Whiskas_inrmqg
12,Me-O,Me-O Adult Tuna Dry Cat Food,cat_food,"[{""variant_id"": 31, ""size"": ""450 g""}, {""variant_id"": 32, ""size"": ""1.2 KG""}, {""variant_id"": 33, ""size"": ""3 KG""}]",media/products/product-12-Me-O_f3v5sh,,,https://res.cloudinary.com/thcjbrcq/image/upload/v1/media/products/product-12-Me-O_f3v5sh
13,Me-O,Me-O Adult Mackerel Dry Cat Food,cat_food,"[{""variant_id"": 34, ""size"": ""450 g""}, {""variant_id"": 35, ""size"": ""1.2 KG""}, {""variant_id"": 36, ""size"": ""3 KG""}]",media/products/product-13-Me-O_daj4y3,,,https://res.cloudinary.com/thcjbrcq/image/upload/v1/media/products/product-13-Me-O_daj4y3
14,Me-O,Me-O Adult Seafood Dry Cat Food,cat_food,"[{""variant_id"": 37, ""size"": ""450 g""}, {""variant_id"": 38, ""size"": ""1.2 KG""}]",media/products/product-14-Me-O_ymag7b,,,https://res.cloudinary.com/thcjbrcq/image/upload/v1/media/products/product-14-Me-O_ymag7b
15,Me-O,Me-O Persian Adult Cat Food,cat_food,"[{""variant_id"": 39, ""size"": ""400 g""}, {""variant_id"": 40, ""size"": ""1.1 KG""}]",media/products/product-15-Me-O_u7lnir,,,https://res.cloudinary.com/thcjbrcq/image/upload/v1/media/products/product-15-Me-O_u7lnir
16,Me-O,Me-O Kitten Dry Cat Food,cat_food,"[{""variant_id"": 41, ""size"": ""400 g""}, {""variant_id"": 42, ""size"": ""1.1 KG""}]",media/products/product-16-Me-O_fmzs8y,,,https://res.cloudinary.com/thcjbrcq/image/upload/v1/media/products/product-16-Me-O_fmzs8y
17,Me-O,Me-O Tuna Chunk in Gravy Wet Cat Food,cat_food,"[{""variant_id"": 43, ""size"": ""80 g""}, {""variant_id"": 44, ""size"": ""960 g""}]",media/products/product-17-Me-O_trkst8,,,https://res.cloudinary.com/thcjbrcq/image/upload/v1/media/products/product-17-Me-O_trkst8
18,Royal Canin,Royal Canin Fit 32 Adult Dry Cat Food,cat_food,"[{""variant_id"": 45, ""size"": ""400 g""}, {""variant_id"": 46, ""size"": ""2 KG""}, {""variant_id"": 47, ""size"": ""4 KG""}]",media/products/product-18-Royal-Canin_ckl1ml,,,https://res.cloudinary.com/thcjbrcq/image/upload/v1/media/products/product-18-Royal-Canin_ckl1ml
19,Royal Canin,Royal Canin Indoor 27 Adult Dry Cat Food,cat_food,"[{""variant_id"": 48, ""size"": ""400 g""}, {""variant_id"": 49, ""size"": ""2 KG""}]",media/products/product-19-Royal-Canin_ach1eg,,,https://res.cloudinary.com/thcjbrcq/image/upload/v1/media/products/product-19-Royal-Canin_ach1eg
20,Royal Canin,Royal Canin Persian Adult Dry Cat Food,cat_food,"[{""variant_id"": 50, ""size"": ""400 g""}, {""variant_id"": 51, ""size"": ""2 KG""}, {""variant_id"": 52, ""size"": ""4 KG""}]",media/products/product-20-Royal-Canin_xumttl,,,https://res.cloudinary.com/thcjbrcq/image/upload/v1/media/products/product-20-Royal-Canin_xumttl
21,Royal Canin,Royal Canin Persian Kitten Dry Cat Food,cat_food,"[{""variant_id"": 53, ""size"": ""400 g""}, {""variant_id"": 54, ""size"": ""2 KG""}]",media/products/product-21-Royal-Canin_suuwoj,,,https://res.cloudinary.com/thcjbrcq/image/upload/v1/media/products/product-21-Royal-Canin_suuwoj
22,Royal Canin,Royal Canin Kitten Dry Cat Food,digestive,"[{""variant_id"": 55, ""size"": ""400 g""}, {""variant_id"": 56, ""size"": ""2 KG""}, {""variant_id"": 23320, ""size"": ""400g""}]",media/products/product-22-Royal-Canin_os7vej,https://cdn.shopify.com/s/files/1/0565/8021/0861/files/Main_39677e75-c7f9-40b8-b681-3a460a1aee6f.png?v=1767784496,https://supertails.com/products/royal-canin-kitten-cat-dry-food-lmadd,https://res.cloudinary.com/thcjbrcq/image/upload/v1/media/products/product-22-Royal-Canin_os7vej
23,Royal Canin,Royal Canin Hairball Care Adult Dry Cat Food,cat_food,"[{""variant_id"": 57, ""size"": ""400 g""}, {""variant_id"": 58, ""size"": ""2 KG""}]",media/products/product-23-Royal-Canin_gkcizp,,,https://res.cloudinary.com/thcjbrcq/image/upload/v1/media/products/product-23-Royal-Canin_gkcizp
24,Drools,Drools Adult Ocean Fish Dry Cat Food,cat_food,"[{""variant_id"": 59, ""size"": ""400 g""}, {""variant_id"": 60, ""size"": ""1.2 KG""}, {""variant_id"": 61, ""size"": ""3 KG""}]",media/products/product-24-Drools_oeyia5,,,https://res.cloudinary.com/thcjbrcq/image/upload/v1/media/products/product-24-Drools_oeyia5
25,Drools,Drools Adult Chicken Dry Cat Food,cat_food,"[{""variant_id"": 62, ""size"": ""400 g""}, {""variant_id"": 63, ""size"": ""1.2 KG""}, {""variant_id"": 64, ""size"": ""3 KG""}]",media/products/product-25-Drools_g7spuj,,,https://res.cloudinary.com/thcjbrcq/image/upload/v1/media/products/product-25-Drools_g7spuj
26,Drools,Drools Kitten Dry Cat Food,cat_food,"[{""variant_id"": 65, ""size"": ""400 g""}, {""variant_id"": 66, ""size"": ""1.2 KG""}]",media/products/product-26-Drools_thussi,,,https://res.cloudinary.com/thcjbrcq/image/upload/v1/media/products/product-26-Drools_thussi
27,Purepet,Purepet Adult Ocean Fish Dry Cat Food,cat_food,"[{""variant_id"": 67, ""size"": ""400 g""}, {""variant_id"": 68, ""size"": ""1.2 KG""}, {""variant_id"": 69, ""size"": ""3 KG""}]",media/products/product-27-Purepet_dpkzqp,,,https://res.cloudinary.com/thcjbrcq/image/upload/v1/media/products/product-27-Purepet_dpkzqp
28,Purepet,Purepet Adult Tuna Dry Cat Food,cat_food,"[{""variant_id"": 71, ""size"": ""1.2 KG""}, {""variant_id"": 70, ""size"": ""400 g""}, {""variant_id"": 72, ""size"": ""3 KG""}]",media/products/product-28-Purepet_zbkoxa,,,https://res.cloudinary.com/thcjbrcq/image/upload/v1/media/products/product-28-Purepet_zbkoxa
29,Purepet,Purepet Kitten Dry Cat Food,cat_food,"[{""variant_id"": 73, ""size"": ""400 g""}, {""variant_id"": 74, ""size"": ""1.2 KG""}]",media/products/product-29-Purepet_jjpyf4,,,https://res.cloudinary.com/thcjbrcq/image/upload/v1/media/products/product-29-Purepet_jjpyf4
30,Sheba,Sheba Tuna & Snapper Premium Wet Cat Food,cat_food,"[{""variant_id"": 75, ""size"": ""85 g""}, {""variant_id"": 76, ""size"": ""1.02 KG""}]",media/products/product-30-Sheba_eo8ygl,,,https://res.cloudinary.com/thcjbrcq/image/upload/v1/media/products/product-30-Sheba_eo8ygl
31,Sheba,Sheba Chicken Premium Wet Cat Food,cat_food,"[{""variant_id"": 77, ""size"": ""85 g""}, {""variant_id"": 78, ""size"": ""1.02 KG""}]",media/products/product-31-Sheba_zyptig,,,https://res.cloudinary.com/thcjbrcq/image/upload/v1/media/products/product-31-Sheba_zyptig
32,Pedigree,Pedigree Adult Chicken & Vegetables Dry Dog Food,dog_food,"[{""variant_id"": 79, ""size"": ""1 KG""}, {""variant_id"": 80, ""size"": ""3 KG""}, {""variant_id"": 81, ""size"": ""10 KG""}]",media/products/product-32-aee30f96c1b5_zphjyt,,,https://res.cloudinary.com/thcjbrcq/image/upload/v1/media/products/product-32-aee30f96c1b5_zphjyt
33,Pedigree,Pedigree Adult Meat & Rice Dry Dog Food,dog_food,"[{""variant_id"": 82, ""size"": ""1 KG""}, {""variant_id"": 84, ""size"": ""10 KG""}, {""variant_id"": 83, ""size"": ""3 KG""}]",media/products/product-33-Pedigree_fnnuaq,,,https://res.cloudinary.com/thcjbrcq/image/upload/v1/media/products/product-33-Pedigree_fnnuaq
34,Pedigree,Pedigree Puppy Chicken & Milk Dry Dog Food,dog_food,"[{""variant_id"": 86, ""size"": ""3 KG""}, {""variant_id"": 87, ""size"": ""10 KG""}, {""variant_id"": 85, ""size"": ""1.2 KG""}]",media/products/product-34-Pedigree_ti1xwc,,,https://res.cloudinary.com/thcjbrcq/image/upload/v1/media/products/product-34-Pedigree_ti1xwc
35,Pedigree,Pedigree Chicken & Liver Chunks in Gravy Wet Dog Food,dog_food,"[{""variant_id"": 88, ""size"": ""70 g""}, {""variant_id"": 89, ""size"": ""840 g""}]",media/products/product-35-Pedigree_mrbez5,,,https://res.cloudinary.com/thcjbrcq/image/upload/v1/media/products/product-35-Pedigree_mrbez5
36,Pedigree,Pedigree Puppy Chicken & Liver Wet Dog Food,dog_food,"[{""variant_id"": 90, ""size"": ""70 g""}, {""variant_id"": 91, ""size"": ""840 g""}]",media/products/product-36-Pedigree_gh1pfg,,,https://res.cloudinary.com/thcjbrcq/image/upload/v1/media/products/product-36-Pedigree_gh1pfg
37,Drools,Drools Adult Chicken & Egg Dry Dog Food,dog_food,"[{""variant_id"": 94, ""size"": ""10 KG""}, {""variant_id"": 92, ""size"": ""1.2 KG""}, {""variant_id"": 93, ""size"": ""3 KG""}]",media/products/product-37-ad9257bcf688_klylz1,,,https://res.cloudinary.com/thcjbrcq/image/upload/v1/media/products/product-37-ad9257bcf688_klylz1
38,Drools,Drools Puppy Chicken & Egg Dry Dog Food,dog_food,"[{""variant_id"": 95, ""size"": ""1.2 KG""}, {""variant_id"": 96, ""size"": ""3 KG""}, {""variant_id"": 97, ""size"": ""10 KG""}]",media/products/product-38-Drools_aocjje,,,https://res.cloudinary.com/thcjbrcq/image/upload/v1/media/products/product-38-Drools_aocjje
39,Drools,Drools Focus Adult Super Premium Dog Food,dog_food,"[{""variant_id"": 98, ""size"": ""1.2 KG""}, {""variant_id"": 99, ""size"": ""4 KG""}, {""variant_id"": 100, ""size"": ""12 KG""}]",media/products/product-39-Drools_ws4wmm,,,https://res.cloudinary.com/thcjbrcq/image/upload/v1/media/products/product-39-Drools_ws4wmm
40,Drools,Drools Focus Puppy Super Premium Dog Food,dog_food,"[{""variant_id"": 101, ""size"": ""1.2 KG""}, {""variant_id"": 102, ""size"": ""4 KG""}, {""variant_id"": 103, ""size"": ""12 KG""}]",media/products/product-40-Drools_ddydfw,,,https://res.cloudinary.com/thcjbrcq/image/upload/v1/media/products/product-40-Drools_ddydfw
41,Drools,Drools Labrador Adult Dry Dog Food,dog_food,"[{""variant_id"": 104, ""size"": ""3 KG""}, {""variant_id"": 105, ""size"": ""12 KG""}]",media/products/product-41-Drools_alb9lm,,,https://res.cloudinary.com/thcjbrcq/image/upload/v1/media/products/product-41-Drools_alb9lm
42,Royal Canin,Royal Canin Mini Adult Dry Dog Food,dog_food,"[{""variant_id"": 107, ""size"": ""2 KG""}, {""variant_id"": 108, ""size"": ""4 KG""}, {""variant_id"": 106, ""size"": ""800 g""}]",media/products/product-42-Royal-Canin_f44jil,,,https://res.cloudinary.com/thcjbrcq/image/upload/v1/media/products/product-42-Royal-Canin_f44jil
43,Royal Canin,Royal Canin Medium Adult Dry Dog Food,dog_food,"[{""variant_id"": 109, ""size"": ""1 KG""}, {""variant_id"": 110, ""size"": ""4 KG""}, {""variant_id"": 111, ""size"": ""10 KG""}]",media/products/product-43-Royal-Canin_ex0vvp,,,https://res.cloudinary.com/thcjbrcq/image/upload/v1/media/products/product-43-Royal-Canin_ex0vvp
44,Royal Canin,Royal Canin Maxi Adult Dry Dog Food,dog_food,"[{""variant_id"": 113, ""size"": ""4 KG""}, {""variant_id"": 112, ""size"": ""1 KG""}, {""variant_id"": 114, ""size"": ""10 KG""}]",media/products/product-44-Royal-Canin_iotork,,,https://res.cloudinary.com/thcjbrcq/image/upload/v1/media/products/product-44-Royal-Canin_iotork
45,Royal Canin,Royal Canin Mini Puppy Dry Dog Food,dog_food,"[{""variant_id"": 117, ""size"": ""4 KG""}, {""variant_id"": 115, ""size"": ""800 g""}, {""variant_id"": 116, ""size"": ""2 KG""}]",media/products/product-45-Royal-Canin_zd9zw0,,,https://res.cloudinary.com/thcjbrcq/image/upload/v1/media/products/product-45-Royal-Canin_zd9zw0
46,Royal Canin,Royal Canin Medium Puppy Dry Dog Food,dog_food,"[{""variant_id"": 118, ""size"": ""1 KG""}, {""variant_id"": 119, ""size"": ""4 KG""}, {""variant_id"": 120, ""size"": ""10 KG""}]",media/products/product-46-Royal-Canin_iiqf3j,,,https://res.cloudinary.com/thcjbrcq/image/upload/v1/media/products/product-46-Royal-Canin_iiqf3j
47,Purepet,Purepet Adult Chicken & Vegetable Dry Dog Food,dog_food,"[{""variant_id"": 121, ""size"": ""1 KG""}, {""variant_id"": 122, ""size"": ""3 KG""}, {""variant_id"": 123, ""size"": ""10 KG""}]",media/products/product-47-4291543d890e_ybvcjh,,,https://res.cloudinary.com/thcjbrcq/image/upload/v1/media/products/product-47-4291543d890e_ybvcjh
48,Purepet,Purepet Puppy Chicken & Milk Dry Dog Food,dog_food,"[{""variant_id"": 124, ""size"": ""1 KG""}, {""variant_id"": 125, ""size"": ""3 KG""}, {""variant_id"": 126, ""size"": ""10 KG""}]",media/products/product-48-Purepet_tetwyt,,,https://res.cloudinary.com/thcjbrcq/image/upload/v1/media/products/product-48-Purepet_tetwyt
49,Purepet,Purepet Adult Meat & Rice Dry Dog Food,dog_food,"[{""variant_id"": 128, ""size"": ""3 KG""}, {""variant_id"": 129, ""size"": ""10 KG""}, {""variant_id"": 127, ""size"": ""1 KG""}]",media/products/product-49-Purepet_oxwpkc,,,https://res.cloudinary.com/thcjbrcq/image/upload/v1/media/products/product-49-Purepet_oxwpkc
50,SmartHeart,SmartHeart Adult Chicken & Egg Dry Dog Food,dog_food,"[{""variant_id"": 130, ""size"": ""1 KG""}, {""variant_id"": 131, ""size"": ""3 KG""}, {""variant_id"": 132, ""size"": ""10 KG""}]",media/products/product-50-SmartHeart_fe9iab,,,https://res.cloudinary.com/thcjbrcq/image/upload/v1/media/products/product-50-SmartHeart_fe9iab
51,SmartHeart,SmartHeart Puppy Chicken & Milk Dry Dog Food,dog_food,"[{""variant_id"": 133, ""size"": ""1 KG""}, {""variant_id"": 134, ""size"": ""3 KG""}, {""variant_id"": 135, ""size"": ""10 KG""}]",media/products/product-51-SmartHeart_et7dws,,,https://res.cloudinary.com/thcjbrcq/image/upload/v1/media/products/product-51-SmartHeart_et7dws
53,Farmina,Farmina N&D Chicken & Pomegranate Puppy Dog Food,dog_food,"[{""variant_id"": 139, ""size"": ""800 g""}, {""variant_id"": 140, ""size"": ""2.5 KG""}, {""variant_id"": 141, ""size"": ""12 KG""}]",media/products/product-53-Farmina_ozdi9o,,,https://res.cloudinary.com/thcjbrcq/image/upload/v1/media/products/product-53-Farmina_ozdi9o
54,Farmina,Farmina Matisse Premium Adult Dog Food,dog_food,"[{""variant_id"": 142, ""size"": ""1 KG""}, {""variant_id"": 143, ""size"": ""3 KG""}, {""variant_id"": 144, ""size"": ""12 KG""}]",media/products/product-54-Farmina_cbuwgq,,,https://res.cloudinary.com/thcjbrcq/image/upload/v1/media/products/product-54-Farmina_cbuwgq
55,Hill's,Hill's Science Diet Adult Small & Mini Dog Food,dog_food,"[{""variant_id"": 145, ""size"": ""1.5 KG""}, {""variant_id"": 146, ""size"": ""3 KG""}]",media/products/product-55-Hill-s_qgjg8b,,,https://res.cloudinary.com/thcjbrcq/image/upload/v1/media/products/product-55-Hill-s_qgjg8b
56,Hill's,Hill's Science Diet Puppy Small & Mini Dog Food,dog_food,"[{""variant_id"": 147, ""size"": ""1.5 KG""}, {""variant_id"": 148, ""size"": ""3 KG""}]",media/products/product-56-Hill-s_y6gi4c,,,https://res.cloudinary.com/thcjbrcq/image/upload/v1/media/products/product-56-Hill-s_y6gi4c
57,IAMS,IAMS Proactive Health Adult Chicken Dry Dog Food,dog_food,"[{""variant_id"": 149, ""size"": ""1.5 KG""}, {""variant_id"": 150, ""size"": ""3 KG""}, {""variant_id"": 151, ""size"": ""8 KG""}]",media/products/product-57-IAMS_tgkibc,,,https://res.cloudinary.com/thcjbrcq/image/upload/v1/media/products/product-57-IAMS_tgkibc
58,IAMS,IAMS Proactive Health Puppy Chicken Dry Dog Food,dog_food,"[{""variant_id"": 152, ""size"": ""1.5 KG""}, {""variant_id"": 153, ""size"": ""3 KG""}, {""variant_id"": 154, ""size"": ""8 KG""}]",media/products/product-58-IAMS_ech40r,,,https://res.cloudinary.com/thcjbrcq/image/upload/v1/media/products/product-58-IAMS_ech40r
59,Kennel Kitchen,Kennel Kitchen Chicken & Rice Adult Dry Dog Food,dog_food,"[{""variant_id"": 155, ""size"": ""1 KG""}, {""variant_id"": 156, ""size"": ""3 KG""}, {""variant_id"": 157, ""size"": ""10 KG""}]",media/products/product-59-Kennel-Kitchen_j096i0,,,https://res.cloudinary.com/thcjbrcq/image/upload/v1/media/products/product-59-Kennel-Kitchen_j096i0
60,Kennel Kitchen,Kennel Kitchen Chicken & Rice Puppy Dry Dog Food,dog_food,"[{""variant_id"": 158, ""size"": ""1 KG""}, {""variant_id"": 159, ""size"": ""3 KG""}, {""variant_id"": 160, ""size"": ""10 KG""}]",media/products/product-60-Kennel-Kitchen_in9qy1,,,https://res.cloudinary.com/thcjbrcq/image/upload/v1/media/products/product-60-Kennel-Kitchen_in9qy1
61,Bows & Meows,Bows & Meows Chicken Training Treats for Dogs,dog_treat,"[{""variant_id"": 161, ""size"": ""100 g""}, {""variant_id"": 162, ""size"": ""250 g""}]",media/products/product-61-Bows-Meows_eqffjj,,,https://res.cloudinary.com/thcjbrcq/image/upload/v1/media/products/product-61-Bows-Meows_eqffjj
7078,Let's Bite,Let's Bite Active Adult Chicken and Vegetable Dry Food for Dogs,dog_treat,"[{""variant_id"": 13571, ""size"": ""20kg""}]",media/products/product-7078-Let-s-Bite_chfi6x,,https://supertails.com/products/lets-bite-active-adult-chicken-and-vegetable-dry-food-for-dogs,https://res.cloudinary.com/thcjbrcq/image/upload/v1/media/products/product-7078-Let-s-Bite_chfi6x
7364,M Pets,M Pets Lines Collar for Cats (Red),dog_grooming,"[{""variant_id"": 14040, ""size"": ""Neck: 20-30cm""}]",media/products/product-7364-M-Pets_d9uixw,,https://supertails.com/products/m-pets-lines-collar-for-cats-red,https://res.cloudinary.com/thcjbrcq/image/upload/v1/media/products/product-7364-M-Pets_d9uixw
7594,Petstar,Mankind Petstar Ocean Fish Flavour Adult Cat Dry Food,digestive,"[{""variant_id"": 14405, ""size"": ""1kg""}]",media/products/product-7594-Petstar_mmh8e2,,https://supertails.com/products/mankind-petstar-ocean-fish-flavour-adult-cat-wet-food,https://res.cloudinary.com/thcjbrcq/image/upload/v1/media/products/product-7594-Petstar_mmh8e2
8418,Nutrience,"Nutrience Chicken, Liver and Duck Freeze Dried Cat Treat",dog_treat,"[{""variant_id"": 15744, ""size"": ""30g""}]",media/products/product-8418-Nutrience_zncgo4,,https://supertails.com/products/nutrience-chicken-liver-and-duck-freeze-dried-cat-treat,https://res.cloudinary.com/thcjbrcq/image/upload/v1/media/products/product-8418-Nutrience_zncgo4
8424,Nutrience,Nutrience Subzero Grain Free Lamb Liver Flavoured Freeze Dried Dog Treats,dog_treat,"[{""variant_id"": 15751, ""size"": ""90g""}]",media/products/product-8424-Nutrience_dz3mf0,,https://supertails.com/products/nutrience-subzero-grain-free-lamb-liver-flavoured-freeze-dried-dog-treats,https://res.cloudinary.com/thcjbrcq/image/upload/v1/media/products/product-8424-Nutrience_dz3mf0
9544,Pedigree,Pedigree Chicken and Vegetables Adult Dog Dry Food (Limited Stocks),supplement,"[{""variant_id"": 19570, ""size"": ""370g""}]",media/products/product-9544-Pedigree_lbu8im,,https://supertails.com/products/pedigree-chicken-vegetables-adult-dry-dog-food-limitedstocks,https://res.cloudinary.com/thcjbrcq/image/upload/v1/media/products/product-9544-Pedigree_lbu8im
13643,Those Woof Guys,Those Woof Guys Lamb Orghini Home Meal for Dogs,supplement,"[{""variant_id"": 28903, ""size"": ""500g""}, {""variant_id"": 28904, ""size"": ""350g""}, {""variant_id"": 28905, ""size"": ""200g""}]",media/products/product-13643-Those-Woof-Guys_e4oh0e,,https://supertails.com/products/those-woof-guys-lamb-orghini-home-meal-for-dogs,https://res.cloudinary.com/thcjbrcq/image/upload/v1/media/products/product-13643-Those-Woof-Guys_e4oh0e
